{
	"info": {
		"_postman_id": "9c1d8c5f-1d20-4f5f-a362-d69e69e4b82c",
		"name": "Lab5",
		"schema": "https://schema.getpostman.com/json/collection/v2.1.0/collection.json"
	},
	"item": [
		{
			"name": "Task 1",
			"request": {
				"method": "GET",
				"header": [],
				"url": {
					"raw": "https://jsonplaceholder.typicode.com/posts?_page=2&_first=10&_last=20",
					"protocol": "https",
					"host": [
						"jsonplaceholder",
						"typicode",
						"com"
					],
					"path": [
						"posts"
					],
					"query": [
						{
							"key": "_page",
							"value": "2"
						},
						{
							"key": "_first",
							"value": "10"
						},
						{
							"key": "_last",
							"value": "20"
						}
					]
				}
			},
			"response": []
		},
		{
			"name": "Task 2",
			"request": {
				"method": "GET",
				"header": [],
				"url": {
					"raw": "https://jsonplaceholder.typicode.com/users?email_end=.biz",
					"protocol": "https",
					"host": [
						"jsonplaceholder",
						"typicode",
						"com"
					],
					"path": [
						"users"
					],
					"query": [
						{
							"key": "email_end",
							"value": ".biz"
						}
					]
				}
			},
			"response": []
		},
		{
			"name": "Task 3",
			"request": {
				"method": "GET",
				"header": [],
				"url": {
					"raw": "https://jsonplaceholder.typicode.com/users?name=Nicholas Runolfsdottir V",
					"protocol": "https",
					"host": [
						"jsonplaceholder",
						"typicode",
						"com"
					],
					"path": [
						"users"
					],
					"query": [
						{
							"key": "name",
							"value": "Nicholas Runolfsdottir V"
						}
					]
				}
			},
			"response": []
		},
		{
			"name": "Task 4",
			"request": {
				"method": "GET",
				"header": [],
				"url": {
					"raw": "https://jsonplaceholder.typicode.com/comments?range",
					"protocol": "https",
					"host": [
						"jsonplaceholder",
						"typicode",
						"com"
					],
					"path": [
						"comments"
					],
					"query": [
						{
							"key": "range",
							"value": null
						}
					]
				}
			},
			"response": []
		},
		{
			"name": "Task 5",
			"request": {
				"method": "GET",
				"header": [],
				"url": {
					"raw": "https://jsonplaceholder.typicode.com/comments?postId_gte=71&postId_lte=80",
					"protocol": "https",
					"host": [
						"jsonplaceholder",
						"typicode",
						"com"
					],
					"path": [
						"comments"
					],
					"query": [
						{
							"key": "postId_gte",
							"value": "71"
						},
						{
							"key": "postId_lte",
							"value": "80"
						}
					]
				}
			},
			"response": []
		}
	]
}